<?xml version="1.0" encoding="UTF-8"?>
<root>
  <item name="com.baseflow.location_permissions.LocationPermissionsPlugin int checkPermissionStatus(android.content.Context)">
    <annotation name="androidx.annotation.IntDef">
      <val name="value" val="{com.baseflow.location_permissions.LocationPermissionsPlugin.PERMISSION_STATUS_UNKNOWN, com.baseflow.location_permissions.LocationPermissionsPlugin.PERMISSION_STATUS_DENIED, com.baseflow.location_permissions.LocationPermissionsPlugin.PERMISSION_STATUS_GRANTED, com.baseflow.location_permissions.LocationPermissionsPlugin.PERMISSION_STATUS_RESTRICTED}" />
    </annotation>
  </item>
  <item name="com.baseflow.location_permissions.LocationPermissionsPlugin int checkServiceStatus(android.content.Context)">
    <annotation name="androidx.annotation.IntDef">
      <val name="value" val="{com.baseflow.location_permissions.LocationPermissionsPlugin.SERVICE_STATUS_DISABLED, com.baseflow.location_permissions.LocationPermissionsPlugin.SERVICE_STATUS_ENABLED, com.baseflow.location_permissions.LocationPermissionsPlugin.SERVICE_STATUS_NOT_APPLICABLE, com.baseflow.location_permissions.LocationPermissionsPlugin.SERVICE_STATUS_UNKNOWN}" />
    </annotation>
  </item>
  <item name="com.baseflow.location_permissions.LocationPermissionsPlugin int toPermissionStatus(int)">
    <annotation name="androidx.annotation.IntDef">
      <val name="value" val="{com.baseflow.location_permissions.LocationPermissionsPlugin.PERMISSION_STATUS_UNKNOWN, com.baseflow.location_permissions.LocationPermissionsPlugin.PERMISSION_STATUS_DENIED, com.baseflow.location_permissions.LocationPermissionsPlugin.PERMISSION_STATUS_GRANTED, com.baseflow.location_permissions.LocationPermissionsPlugin.PERMISSION_STATUS_RESTRICTED}" />
    </annotation>
  </item>
  <item name="com.baseflow.location_permissions.LocationPermissionsPlugin void processResult(int) 0">
    <annotation name="androidx.annotation.IntDef">
      <val name="value" val="{com.baseflow.location_permissions.LocationPermissionsPlugin.PERMISSION_STATUS_UNKNOWN, com.baseflow.location_permissions.LocationPermissionsPlugin.PERMISSION_STATUS_DENIED, com.baseflow.location_permissions.LocationPermissionsPlugin.PERMISSION_STATUS_GRANTED, com.baseflow.location_permissions.LocationPermissionsPlugin.PERMISSION_STATUS_RESTRICTED}" />
    </annotation>
  </item>
</root>

