{"packages/cupertino_icons/assets/CupertinoIcons.ttf":["packages/cupertino_icons/assets/CupertinoIcons.ttf"],"fonts/GoogleSansRegular.ttf":["fonts/GoogleSansRegular.ttf"],"assets/blogging.png":["assets/blogging.png"],"assets/devfest.png":["assets/devfest.png"],"assets/domain.png":["assets/domain.png"],"assets/github.png":["assets/github.png"],"assets/linkedin.png":["assets/linkedin.png"],"assets/logodevFest.png":["assets/logodevFest.png"],"assets/twitter.png":["assets/twitter.png"],"assets/worldwide.png":["assets/worldwide.png"]}