<?xml version="1.0" encoding="UTF-8"?>
<root>
  <item name="com.baseflow.geolocator.tasks.LocationUpdatesUsingLocationManagerTask float accuracyToFloat(int) 0">
    <annotation name="androidx.annotation.IntDef">
      <val name="value" val="{com.baseflow.geolocator.tasks.LocationUpdatesUsingLocationManagerTask.GEOLOCATION_ACCURACY_LOWEST, com.baseflow.geolocator.tasks.LocationUpdatesUsingLocationManagerTask.GEOLOCATION_ACCURACY_LOW, com.baseflow.geolocator.tasks.LocationUpdatesUsingLocationManagerTask.GEOLOCATION_ACCURACY_MEDIUM, com.baseflow.geolocator.tasks.LocationUpdatesUsingLocationManagerTask.GEOLOCATION_ACCURACY_HIGH, com.baseflow.geolocator.tasks.LocationUpdatesUsingLocationManagerTask.GEOLOCATION_ACCURACY_BEST, com.baseflow.geolocator.tasks.LocationUpdatesUsingLocationManagerTask.GEOLOCATION_ACCURACY_BEST_FOR_NAVIGATION}" />
    </annotation>
  </item>
  <item name="com.baseflow.geolocator.tasks.LocationUpdatesUsingLocationManagerTask java.lang.String getBestProvider(android.location.LocationManager, int) 1">
    <annotation name="androidx.annotation.IntDef">
      <val name="value" val="{com.baseflow.geolocator.tasks.LocationUpdatesUsingLocationManagerTask.GEOLOCATION_ACCURACY_LOWEST, com.baseflow.geolocator.tasks.LocationUpdatesUsingLocationManagerTask.GEOLOCATION_ACCURACY_LOW, com.baseflow.geolocator.tasks.LocationUpdatesUsingLocationManagerTask.GEOLOCATION_ACCURACY_MEDIUM, com.baseflow.geolocator.tasks.LocationUpdatesUsingLocationManagerTask.GEOLOCATION_ACCURACY_HIGH, com.baseflow.geolocator.tasks.LocationUpdatesUsingLocationManagerTask.GEOLOCATION_ACCURACY_BEST, com.baseflow.geolocator.tasks.LocationUpdatesUsingLocationManagerTask.GEOLOCATION_ACCURACY_BEST_FOR_NAVIGATION}" />
    </annotation>
  </item>
  <item name="com.baseflow.geolocator.tasks.LocationUpdatesUsingLocationManagerTask.GeolocationAccuracy">
    <annotation name="androidx.annotation.IntDef">
      <val name="value" val="{com.baseflow.geolocator.tasks.LocationUpdatesUsingLocationManagerTask.GEOLOCATION_ACCURACY_LOWEST, com.baseflow.geolocator.tasks.LocationUpdatesUsingLocationManagerTask.GEOLOCATION_ACCURACY_LOW, com.baseflow.geolocator.tasks.LocationUpdatesUsingLocationManagerTask.GEOLOCATION_ACCURACY_MEDIUM, com.baseflow.geolocator.tasks.LocationUpdatesUsingLocationManagerTask.GEOLOCATION_ACCURACY_HIGH, com.baseflow.geolocator.tasks.LocationUpdatesUsingLocationManagerTask.GEOLOCATION_ACCURACY_BEST, com.baseflow.geolocator.tasks.LocationUpdatesUsingLocationManagerTask.GEOLOCATION_ACCURACY_BEST_FOR_NAVIGATION}" />
    </annotation>
  </item>
</root>

